Pressure,tipX,tipY,tipZ
0.0,-56.55409137630201,0.020358380297325025,16.36133773315236
54.10821643286573,-56.55409137630201,0.020358380297325025,16.36133773315236
108.21643286573146,-56.55422923570352,0.02035986167368578,16.361371114314068
162.3246492985972,-56.55453789978219,0.020360935797239257,16.361469391155183
216.43286573146293,-56.55506350660487,0.02035920864993145,16.361642636795494
270.54108216432866,-56.555873577682874,0.02035266622488022,16.36190347954091
324.6492985971944,-56.557054581425994,0.020339335678832775,16.362266523427017
378.7575150300601,-56.558724819669465,0.020317239024601905,16.362752497156894
432.86573146292585,-56.56096901771087,0.020285371916289086,16.363369436374718
486.9739478957916,-56.563769483711425,0.020244948181025582,16.364101927404313
541.0821643286573,-56.56707599232982,0.020198412811334835,16.364936970957608
595.1903807615231,-56.570843973804365,0.020146274582789236,16.365866655064476
649.2985971943888,-56.57504691341547,0.020090413689838493,16.366883732657442
703.4068136272545,-56.5798688948764,0.020028168107458555,16.368028355089642
757.5150300601202,-56.58512229470479,0.019962698913913366,16.36923698887918
811.623246492986,-56.590329330506826,0.019901498009495946,16.37039246405132
865.7314629258517,-56.59576679840158,0.019840972987790435,16.371553905428694
919.8396793587174,-56.601257447257446,0.019781692342475225,16.372658154661334
973.9478957915832,-56.60691044733775,0.01972726697304518,16.373721259963865
1028.056112224449,-56.611756218399506,0.019675233112168105,16.374549414216165
1082.1643286573146,-56.61607952559248,0.0196510360333143,16.37525146361473
1136.2725450901803,-56.61900014604923,0.01961026730599379,16.375683983693776
1190.3807615230462,-56.62252824960444,0.019599892853243824,16.376235031239183
1244.4889779559119,-56.62650873457416,0.01954534374848492,16.376813261061614
1298.5971943887776,-56.63036201889332,0.019538345853281236,16.37736176412896
1352.7054108216432,-56.63417347463761,0.01948215186809084,16.37785630091383
1406.813627254509,-56.63817224986861,0.019479942189106397,16.37839326673468
1460.9218436873748,-56.642394811630155,0.019418172401795185,16.378900354633537
1515.0300601202405,-56.646511909879294,0.019421173110971354,16.37940880886731
1569.1382765531062,-56.65088787899134,0.01935831794852372,16.379886434725723
1623.246492985972,-56.655232383269485,0.019364723688131896,16.380380429877036
1677.3547094188377,-56.659785619791734,0.019301183655793766,16.38082638181504
1731.4629258517034,-56.664239376832604,0.019311652794118412,16.38128531660332
1785.571142284569,-56.66899903497565,0.019249017200139194,16.381700012187082
1839.6793587174348,-56.673579527169466,0.019262929118499493,16.382120710911167
1893.7875751503007,-56.67847964795089,0.01920282401419938,16.382491387118744
1947.8957915831663,-56.683199616730015,0.01921970171252718,16.382870503101202
2002.004008016032,-56.6882663378036,0.019162865523446787,16.383193874038557
2056.112224448898,-56.69308351452883,0.01918269290438396,16.383521439979514
2110.2204408817634,-56.6982135556813,0.01913075525990425,16.383786315568365
2164.3286573146293,-56.70318782667476,0.019153277054856255,16.384063727344127
2218.436873747495,-56.70842736410975,0.01910618742306065,16.38426857830909
2272.5450901803606,-56.713452480654766,0.01913172280007762,16.38448339410909
2326.6533066132265,-56.71882580148005,0.019090316810811553,16.384627841729163
2380.7615230460924,-56.72393368032119,0.01911894603633261,16.384778246597712
2434.869739478958,-56.72938836218822,0.019083818741761557,16.384855574471082
2488.9779559118238,-56.73460988619412,0.019115651474943922,16.38493929279392
2543.086172344689,-56.740161273243345,0.019087040244227305,16.384946032310957
2597.194388777555,-56.745451218481755,0.01912230865656404,16.384957520290776
2651.302605210421,-56.75108402279153,0.019100711959350453,16.384891485844165
2705.4108216432865,-56.75646353072412,0.0191396877403361,16.38482824852644
2759.5190380761524,-56.76216769499691,0.019125351592942264,16.38468643337895
2813.627254509018,-56.767623279861255,0.01916826179102505,16.384545488855085
2867.7354709418837,-56.77343486429037,0.019161600570068788,16.38432480848276
2921.8436873747496,-56.778937835991236,0.019208595292137934,16.384103226333377
2975.951903807615,-56.78484055277077,0.01921008866122049,16.383801511791667
3030.060120240481,-56.79040937324986,0.019261430809422872,16.383497041409584
3084.168336673347,-56.79636414368796,0.019271138478939215,16.38311349070858
3138.2765531062123,-56.802013656490395,0.01932725941380666,16.382724008083937
3192.384769539078,-56.80802162749536,0.01934521167647584,16.38225729168384
3246.492985971944,-56.813732698989476,0.01940638938451336,16.381781953644296
3300.6012024048096,-56.81981954129345,0.019432934530378716,16.381229398600535
3354.7094188376755,-56.82557494089202,0.019499349784596512,16.380667654755417
3408.817635270541,-56.83173493131054,0.019534754430864314,16.380028398552337
3462.925851703407,-56.83754574151748,0.01960678925327711,16.379378478340342
3517.0340681362727,-56.84378406672883,0.01965129511222996,16.378650112270083
3571.142284569138,-56.84965636847226,0.01972932429413589,16.377909643210494
3625.250501002004,-56.85596111816571,0.019783104947258306,16.377091491770333
3679.3587174348695,-56.86189380309945,0.0198674244903908,16.376259265722158
3733.4669338677354,-56.868222692170114,0.019930140466009924,16.375356115637253
3787.5751503006013,-56.874250522509804,0.020021592654944225,16.374427445705393
3841.6833667334668,-56.88063058343211,0.020093564504868343,16.3734346177611
3895.7915831663327,-56.886681274599226,0.020191602493346512,16.372417957937525
3949.8997995991986,-56.89313271543393,0.020273202033305716,16.371333908866017
4004.008016032064,-56.89925701576236,0.020378839973993035,16.370220948086256
4058.11623246493,-56.905764805205116,0.020470181343935658,16.369045350746497
4112.224448897796,-56.91191552028514,0.0205829831912116,16.367843433085305
4166.332665330661,-56.918504790703665,0.020684552184796975,16.36657258699621
4220.440881763527,-56.924703511116775,0.020805190239058226,16.36527726800533
4274.549098196393,-56.93137535191329,0.02091742412218292,16.363908582445838
4328.6573146292585,-56.937625603867275,0.021046146545286346,16.362517913164165
4382.765531062124,-56.94432160904322,0.021168184527782342,16.361062256159485
4436.87374749499,-56.95063001520754,0.021305497559329787,16.359576280133364
4490.981963927856,-56.95737615880371,0.021437763989997395,16.358028996973953
4545.090180360721,-56.96373447160661,0.021583886551769974,16.356448714697102
4599.198396793588,-56.970524883007336,0.021726289628557154,16.354811372432504
4653.306613226453,-56.97693988048444,0.02188175188292176,16.353135430623535
4707.4148296593185,-56.983810867116254,0.02203534211219644,16.35139866016456
4761.523046092185,-56.99026944183266,0.022200104820393824,16.349628407750927
4815.63126252505,-56.997170642041056,0.02236386209652204,16.347804291997697
4869.739478957916,-57.00370647601503,0.022539113609074776,16.345932274352478
4923.847695390781,-57.01065588632386,0.022713626447330923,16.34401553264793
4977.9559118236475,-57.017217203876974,0.02289837192148279,16.34205475434139
5032.064128256513,-57.0242376343512,0.0230843138470599,16.3400405780539
5086.172344689378,-57.03089879055332,0.02328087559511553,16.337969088589634
5140.280561122245,-57.03794528391726,0.023477512982846296,16.335866605780545
5194.38877755511,-57.0446353357186,0.023684181039602577,16.333704927111466
5248.496993987976,-57.051750291285884,0.02389265111826415,16.33150417863228
5302.605210420842,-57.058450004525156,0.024109153517642225,16.32925868566957
5356.7134268537075,-57.06563627792366,0.024329648604816116,16.326959430602876
5410.821643286573,-57.07238151421107,0.024557232053598298,16.324619795648093
5464.929859719439,-57.07961396745023,0.02478925299340517,16.322228865914614
5519.038076152305,-57.08642350565053,0.025028839882026782,16.319789421801534
5573.14629258517,-57.09369587350532,0.02527223486821888,16.317308605201273
5627.254509018036,-57.10054903904107,0.025523488579658575,16.3147762585085
5681.362725450902,-57.10787340618033,0.02577885058952269,16.312202420240506
5735.470941883767,-57.11478414696506,0.026042464316423507,16.309572317604488
5789.579158316633,-57.12216479990712,0.026310170762101015,16.306903079577634
5843.687374749499,-57.129134950839784,0.026586584888203254,16.304173742350944
5897.795591182365,-57.136558617332,0.026866419987706662,16.301413157289435
5951.90380761523,-57.14357566257208,0.02715542549557612,16.298589344290452
6006.0120240480965,-57.15105976969269,0.027448179194093227,16.295731296625867
6060.120240480962,-57.1581118159643,0.02774960115526533,16.292817316286403
6114.228456913827,-57.16564892505235,0.0280551402001893,16.289864812471706
6168.336673346694,-57.1727361131464,0.02836916600669512,16.286861636743108
6222.444889779559,-57.18034519559007,0.0286884532434392,16.28380713708346
6276.553106212425,-57.18746846099378,0.02901539353347455,16.28071412179386
6330.661322645291,-57.19511729412452,0.029347334700403398,16.277570364384978
6384.769539078156,-57.20230981821973,0.029688877061267778,16.274375172705
6438.877755511022,-57.210010198671476,0.030034251595645902,16.271136206499307
6492.985971943888,-57.21723157466065,0.03038885856733873,16.267855079369998
6547.094188376754,-57.225004777435835,0.030748760039328766,16.264512803387323
6601.202404809619,-57.23227803765514,0.031117724556935195,16.261135568503473
6655.310621242485,-57.24008093772117,0.031490472297821134,16.257707181064994
6709.418837675351,-57.247415064284816,0.031874553150583726,16.25423119641614
6763.527054108216,-57.2552373740261,0.03225956301383018,16.250722137674558
6817.635270541082,-57.262622041146685,0.032658399992383215,16.24715316162166
6871.743486973948,-57.270509277676624,0.03305827958075199,16.243543860163257
6925.851703406814,-57.27792025113973,0.0334707743997001,16.239892240162188
6979.959919839679,-57.28588495016549,0.03388626847122663,16.236176756288117
7034.068136272545,-57.29333977207016,0.03431373029334329,16.232434233244526
7088.176352705411,-57.301333409966134,0.03474277169973839,16.22863408310115
7142.284569138276,-57.308871969596,0.03518755121694561,16.224783132333815
7196.392785571143,-57.316939773842776,0.035632926893759895,16.22087456590975
7250.501002004008,-57.324462035936854,0.03608982047225053,16.216961431284208
7304.609218436874,-57.332576261172626,0.03654989427929711,16.212961217064446
7358.717434869739,-57.34014607932031,0.03702231266192955,16.208958564820204
7412.825651302605,-57.3482921392644,0.03749651220176813,16.204873295313348
7466.933867735471,-57.35592155980636,0.0379854754973983,16.200776330014307
7521.042084168336,-57.36412657190545,0.038475595617500524,16.196591895857598
7575.150300601203,-57.37179720364533,0.038980274981302916,16.19240907897637
7629.258517034068,-57.38006178948508,0.03948675298336287,16.188124578041965
7683.3667334669335,-57.38776549043212,0.04000695495103631,16.183860500214617
7737.4749498998,-57.396032066897874,0.040526168337433846,16.179506924511966
7791.583166332665,-57.40382350134226,0.04106521526376132,16.17513654628732
7845.691382765531,-57.412130487961946,0.04159977385103365,16.170692744908244
7899.799599198397,-57.41994728836781,0.042154057618825264,16.166248029025155
7953.907815631263,-57.428311643617434,0.0427052261537554,16.161706635962755
8008.016032064128,-57.436177673560735,0.04327641736885333,16.157175743570484
8062.124248496994,-57.44457713211214,0.04384313644700594,16.152547636357518
8116.23246492986,-57.4524802695358,0.04443047838932102,16.147938650382184
8170.340681362725,-57.460923921901816,0.045013496036857566,16.143219806561795
8224.448897795592,-57.468900454787075,0.04561957478252221,16.13851327749105
8278.557114228457,-57.47738663144962,0.046219361642172836,16.1337023572818
8332.665330661323,-57.4853779034945,0.04684025566886607,16.128931378059796
8386.773547094188,-57.49389462937829,0.04745582926267459,16.124037981650044
8440.881763527053,-57.50192775459457,0.048093176066818406,16.11919023215347
8494.98997995992,-57.51047667227245,0.04872495387834172,16.114214185063492
8549.098196392786,-57.51855839824048,0.04937940484934304,16.109287034227737
8603.206412825652,-57.527146663992,0.05002802052377997,16.104224664825296
8657.314629258517,-57.53527921893878,0.050699951720400135,16.09921718795238
8711.422845691382,-57.5439024452954,0.05136548055919414,16.094071071817165
8765.531062124248,-57.55207904463532,0.052054484940706594,16.088987879555475
8819.639278557113,-57.560740483632095,0.05273724629205638,16.083757062394024
8873.74749498998,-57.56898319477298,0.053445118047660126,16.078585190315174
8927.855711422846,-57.57768229413432,0.05414550762872762,16.073269091159574
8981.963927855712,-57.58602003080729,0.05487509037873009,16.067989540516287
9036.072144288577,-57.594751636771946,0.05559336103955834,16.06258870344718
9090.180360721442,-57.60309500523766,0.05633749802665667,16.057254862259317
9144.288577154308,-57.61186387001528,0.05707369404458157,16.051771201103367
9198.396793587175,-57.62025361152266,0.057835514457760084,16.04636017363724
9252.50501002004,-57.62906856009931,0.058590640683119505,16.0407881653632
9306.613226452906,-57.63751030765486,0.05937099959144433,16.035295669850505
9360.721442885771,-57.64637180248755,0.06014541127754883,16.02963488244982
9414.829659318637,-57.65486920093483,0.06094491938533437,16.024057638919814
9468.937875751502,-57.66377737476424,0.0617389090971464,16.018307639091407
9523.04609218437,-57.67232580571406,0.06255751498946506,16.012647429285433
9577.154308617235,-57.68127381242612,0.06337068204424934,16.006812695226103
9631.2625250501,-57.68986776902676,0.06420801782985626,16.001072620887253
9685.370741482966,-57.698866374918445,0.06504142768428207,15.995146923512118
9739.478957915831,-57.70752128370781,0.06589939156456218,15.989315784410797
9793.587174348697,-57.71656748421927,0.06675326054276953,15.983299878380885
9847.695390781562,-57.72527035825079,0.06763094665161423,15.977384713683579
9901.80360721443,-57.73435909785697,0.06850484769057437,15.971282264868512
9955.911823647295,-57.74312140567141,0.06940367112764127,15.965274925469126
10010.02004008016,-57.752288003973845,0.0703015975213445,15.959061317598007
10064.128256513026,-57.7610890394345,0.0712200990868733,15.952972205141615
10118.236472945891,-57.770263569032686,0.07213516086201101,15.946694121588255
10172.344689378757,-57.77913278694954,0.07307618941162522,15.940505959386925
10226.452905811624,-57.78836022543831,0.07401299533932201,15.934133449313308
10280.56112224449,-57.79727306480996,0.074974636085118,15.927860395275703
10334.669338677355,-57.806559209112265,0.075933953386799,15.921389408464266
10388.77755511022,-57.81551403743916,0.07691639955768173,15.915031491714357
10442.885771543086,-57.82483467595882,0.07789602616307424,15.908478540447971
10496.993987975951,-57.83387124305299,0.07890353800907313,15.902008355965489
10551.102204408817,-57.843252665625045,0.07990682994374797,15.895353068542628
10605.210420841684,-57.852359814258385,0.08093922809879724,15.888774321475413
10659.31863727455,-57.86178258155899,0.0819643503740172,15.882028101115349
10713.426853707415,-57.87090980666501,0.08301621727275389,15.875376058094817
10767.53507014028,-57.88038851429124,0.08406496480846994,15.868530717261129
10821.643286573146,-57.889555502014964,0.08513851158464728,15.8617917055572
10875.751503006011,-57.89908041431498,0.08620989140300223,15.854853958975006
10929.859719438879,-57.90833099221922,0.0873102850167766,15.847995804007649
10983.967935871744,-57.91789990978272,0.08840467041971253,15.840964427670478
11038.07615230461,-57.927174080096634,0.08952571044573047,15.834028887471426
11092.184368737475,-57.93684810519995,0.09065037697922092,15.826860229990535
11146.29258517034,-57.94615713852455,0.09179379524961429,15.819835905988247
11200.400801603206,-57.95584488571296,0.0929384684924424,15.812594990288323
11254.509018036071,-57.96521085437762,0.09410654257139353,15.805468919895642
11308.617234468938,-57.97494882689495,0.09527568842667113,15.798129584428725
11362.725450901804,-57.984398934397404,0.09647246976449808,15.790879152787419
11416.83366733467,-57.99417824773651,0.0976655882609118,15.783445050442314
11470.941883767535,-58.00363727260143,0.09888213532822372,15.776125535246898
11525.0501002004,-58.013458030729325,0.10009881416693162,15.76859995390005
11579.158316633266,-58.02296696635358,0.10134012290951251,15.761182764623193
11633.266533066133,-58.03283710495242,0.10258160160284456,15.753558979343888
11687.374749498998,-58.04238796440266,0.10384697547310909,15.746049131911976
11741.482965931864,-58.05230731524197,0.10511366649822823,15.738327303459098
11795.59118236473,-58.06191616889819,0.10640543342230997,15.730712261193865
11849.699398797595,-58.071888941453025,0.10769812251565215,15.722887705473719
11903.80761523046,-58.08156850465759,0.10901853746681546,15.715155536562635
11957.915831663327,-58.09156569462049,0.11033374051378513,15.70724906016446
12012.024048096193,-58.10127228928298,0.1116771356259123,15.699434623989838
12066.132264529058,-58.11134333380693,0.11302146650788261,15.691409573207409
12120.240480961924,-58.121096926470784,0.11439106167052564,15.683495495578528
12174.34869739479,-58.131228756799835,0.11576358087154395,15.675359732474064
12228.456913827655,-58.141039952787,0.11716087011080835,15.667335888190703
12282.56513026052,-58.15120359999832,0.11855785095571435,15.659110876845517
12336.673346693387,-58.16107391149956,0.1199833943799111,15.650976775005546
12390.781563126253,-58.1712837834961,0.12140714036918049,15.642650728197308
12444.889779559118,-58.18119564487747,0.12285898833800266,15.634419347155484
12498.997995991984,-58.19144438004518,0.12430866236415639,15.62599847895564
12553.10621242485,-58.20139289512073,0.1257861157312123,15.6176749120394
12607.214428857715,-58.21171177513869,0.12726599212823236,15.609134223824654
12661.322645290582,-58.22170888483256,0.1287714548943817,15.600705922079669
12715.430861723447,-58.232054652627774,0.1302760299580075,15.592079409955678
12769.539078156313,-58.24208909520599,0.13180735659033532,15.583558191901748
12823.647294589178,-58.252474828397936,0.13333837831524897,15.574836485726749
12877.755511022044,-58.2625571143545,0.13489740540026202,15.566213993175952
12931.86372745491,-58.27296773736635,0.13645304406041062,15.557409740393101
12985.971943887776,-58.283128447863476,0.1380445247644851,15.548660862989745
13040.080160320642,-58.29360681725575,0.13963133820370116,15.539736520310615
13094.188376753507,-58.303818191387975,0.14125217577123034,15.530880072680844
13148.296593186373,-58.314349393962274,0.1428685583540478,15.521846364351491
13202.404809619238,-58.32457111472121,0.14451240833870366,15.512916629765401
13256.513026052104,-58.335162443148846,0.14615954932520603,15.5037688667099
13310.62124248497,-58.34543966729029,0.14783373334734115,15.494727746276114
13364.729458917836,-58.35605790538908,0.14950686029134758,15.485492611635365
13418.837675350702,-58.36640140767782,0.1512129930986212,15.476331461665387
13472.945891783567,-58.377092047165974,0.15291984269800954,15.466968416124525
13527.054108216433,-58.387472458596875,0.15465442216464143,15.45770863877339
13581.162324649298,-58.39818996855642,0.15638770621183581,15.448256443100906
13635.270541082164,-58.40860973841594,0.1581506497300765,15.438898010025447
13689.37875751503,-58.419374637933814,0.15991390023144045,15.429340329735302
13743.486973947896,-58.42984016147352,0.16170672800262686,15.4198777079914
13797.595190380762,-58.44067611894112,0.16350411603926854,15.410192458687483
13851.703406813627,-58.45122194737336,0.16533329601490745,15.400591717723676
13905.811623246493,-58.46211944285536,0.16716445151708006,15.390783060065623
13959.919839679358,-58.472720641380334,0.16902654552881022,15.38106246023277
14014.028056112224,-58.483614337723914,0.170880652906769,15.371186459737197
14068.13627254509,-58.494249306685276,0.1727715731260173,15.36137005281593
14122.244488977956,-58.505212822712345,0.17466033665444966,15.351364613310503
14176.352705410822,-58.51588525339974,0.1765814453089827,15.341446163061567
14230.460921843687,-58.526872281357946,0.17849792704497405,15.331352270952046
14284.569138276553,-58.53760902872238,0.18045355996361845,15.321309743918352
14338.677354709418,-58.54863989010142,0.1824010904093563,15.31110833276928
14392.785571142285,-58.559407009842054,0.18438558467891739,15.300971293122547
14446.89378757515,-58.57048805284556,0.18636540592321205,15.290657263070383
14501.002004008016,-58.581362719954896,0.18839311642911627,15.280353524682356
14555.110220440882,-58.59251318840138,0.19041001715236974,15.269902887710304
14609.218436873747,-58.60342990697523,0.19247076162759155,15.259486868864759
14663.326653306613,-58.61459093165763,0.19451476962376735,15.248954346228468
14717.434869739478,-58.62550543869115,0.1965992053586643,15.238471464501561
14771.543086172345,-58.636753653588045,0.19868334312065358,15.227789730724492
14825.65130260521,-58.64772515206649,0.2008029300728745,15.217183159124337
14879.759519038076,-58.65900559684704,0.20291782281916484,15.206399709577143
14933.867735470942,-58.6700335307244,0.20507277891744627,15.19566889726579
14987.975951903807,-58.68135616035527,0.2072208485087554,15.18477434837884
15042.084168336673,-58.692429870705396,0.20940952570205987,15.173930037719929
15096.19238476954,-58.703791288944075,0.21159044642941538,15.162927275414724
15150.300601202405,-58.71491821664756,0.21381482842546737,15.151961474658204
15204.40881763527,-58.72632295858026,0.21602913926717565,15.140845333439623
15258.517034068136,-58.737511940819786,0.21829132816035,15.129748524559492
15312.625250501002,-58.748951832271786,0.22053825021106432,15.118525328473536
15366.733466933867,-58.76017665543787,0.22283304729018727,15.107322543961875
15420.841683366734,-58.771680120138036,0.22511800307543517,15.095966046490574
15474.9498997996,-58.78293526611054,0.22744483269264523,15.084660987907967
15529.058116232465,-58.79449518189447,0.22976723774634628,15.07317676500587
15583.16633266533,-58.8057890786394,0.23212778466040654,15.061760898175157
15637.274549098196,-58.81737260728619,0.23448103711340618,15.050180739336563
15691.382765531062,-58.82871044248049,0.23687690572778017,15.038651067311864
15745.490981963927,-58.84034605675073,0.23926698254842715,15.026947597680559
15799.599198396794,-58.8517299645071,0.24169843185418538,15.015300288935384
15853.70741482966,-58.86340819374473,0.24412386597145766,15.003481777441833
15907.815631262525,-58.874842625021195,0.2465922396144307,14.99171214027414
15961.92384769539,-58.88661467652098,0.24906416802295211,14.97972541763698
16016.032064128256,-58.898126786586474,0.251576800167509,14.96779918443782
16070.140280561121,-58.90990317261527,0.25407746624505123,14.955728203360279
16124.248496993989,-58.92147962352972,0.25663144098487745,14.943660938757315
16178.356713426854,-58.933315624015016,0.2591729988167778,14.931450453948365
16232.46492985972,-58.944912176394325,0.2617593941214383,14.919284348958127
16286.573146292585,-58.95679991044867,0.2643403328509146,14.906942899520704
16340.68136272545,-58.96845727052074,0.26696819355881996,14.894635909781394
16394.789579158318,-58.98036936650365,0.2695830979861827,14.882189205251152
16448.897795591183,-58.99207944131606,0.2722506737463676,14.869749412804092
16503.00601202405,-59.00404397569329,0.2749059296052862,14.857168444260717
16557.114228456914,-59.015807910516656,0.2776142951960991,14.844592596793314
16611.22244488978,-59.02781390683099,0.28030782655756575,14.831886669630522
16665.330661322645,-59.03960538686617,0.2830511766503631,14.819201618543051
16719.43887775551,-59.05166176420919,0.2857849623772136,14.8063625429386
16773.547094188376,-59.06350556054682,0.2885694583186379,14.793542169799862
16827.65531062124,-59.07559228463276,0.2913396791176813,14.78058889134331
16881.763527054107,-59.08748640721417,0.2941650567352777,14.767635124712914
16935.871743486972,-59.09961232124616,0.2969737635846968,14.754558159456327
16989.97995991984,-59.111537648781514,0.29983592014684796,14.741490662670076
17044.088176352707,-59.12370160340432,0.3026831031192269,14.728291923211994
17098.196392785572,-59.13567365797655,0.30558579567857685,14.715094558263566
17152.304609218438,-59.147878888776255,0.30847262039605367,14.70176988597581
17206.412825651303,-59.1599026528411,0.31141720000812834,14.688435905524308
17260.52104208417,-59.17215886057199,0.3143466945603758,14.674973443043879
17314.629258517034,-59.18422275400551,0.3173315484166027,14.661512955395759
17368.7374749499,-59.196510988334765,0.32029932669790256,14.647932092068146
17422.845691382765,-59.20862125283728,0.3233259789050901,14.634339379466478
17476.95390781563,-59.220961853857396,0.32633727494621395,14.62061730947657
17531.062124248496,-59.2331233612813,0.32940748428938,14.606883984699937
17585.17034068136,-59.24550288334277,0.3324596407131487,14.593033262009895
17639.278557114227,-59.25773230870062,0.3355779809278645,14.579139318210952
17693.386773547096,-59.27018367697717,0.3386800661351933,14.565119693745338
17747.49498997996,-59.282459972860856,0.3418435510342663,14.551082588293545
17801.603206412827,-59.294916191442624,0.3449798185066626,14.53696615496118
17855.711422845692,-59.30723704517478,0.3481866927587743,14.522792067960737
17909.819639278558,-59.319748767076305,0.351369792562537,14.508523075509283
17963.927855711423,-59.33210590890799,0.35461871614513796,14.494217885212528
18018.03607214429,-59.34463539879591,0.35783976857982114,14.479837875642943
18072.144288577154,-59.35706806060848,0.3611418246822993,14.465357419285072
18126.25250501002,-59.369651907820916,0.3644100043596493,14.450821709180502
18180.360721442885,-59.382072426092634,0.3677430384438424,14.436262846212827
18234.46893787575,-59.39469859848978,0.37105651921300364,14.421587989425339
18288.577154308616,-59.407171183309735,0.3744365381521149,14.406878845719097
18342.68537074148,-59.41984173233387,0.37779608164798784,14.39205920915284
18396.79358717435,-59.432363844614706,0.38122356422392367,14.377199409652905
18450.901803607216,-59.44510160661165,0.38463650394458604,14.362205963772354
18505.01002004008,-59.457709942301236,0.3881234175185098,14.347146475386536
18559.118236472947,-59.4704557611569,0.3915748709593711,14.332040454782522
18613.226452905812,-59.483113268099785,0.39511207227453876,14.316823737821421
18667.334669338677,-59.49589398461208,0.398609725109142,14.301574285440722
18721.442885771543,-59.50858227381903,0.4021928614697899,14.286219586052738
18775.55110220441,-59.5214039369467,0.40573905950516836,14.270818317508612
18829.659318637274,-59.5341224947618,0.4093685487957218,14.255325530571337
18883.76753507014,-59.54697234433925,0.4129609834833845,14.239786050994452
18937.875751503005,-59.559749611141065,0.4166450955032741,14.22411995036945
18991.98396793587,-59.57264408236066,0.42028964557395754,14.208419124331439
19046.09218436874,-59.58548946200857,0.424032795279828,14.192561768778175
19100.200400801605,-59.598408366229336,0.4277244708908894,14.176718074128434
19154.30861723447,-59.61126529609206,0.4315125785569404,14.160734915684099
19208.416833667336,-59.624238925814474,0.43526142270453294,14.144711502810548
19262.5250501002,-59.63710069966572,0.43909174829197095,14.128609646009814
19316.633266533066,-59.65007023260133,0.44288100196362634,14.112477732866319
19370.741482965932,-59.662987679514465,0.44676937151115065,14.096197248377193
19424.849699398797,-59.67599166138553,0.4506114615353622,14.07990613188091
19478.957915831663,-59.68896368287129,0.4545589465620268,14.063440341241108
19533.06613226453,-59.701992295910756,0.4584520722535732,14.046995957022665
19587.174348697394,-59.71504295618056,0.4624676870833973,14.030307112859722
19641.28256513026,-59.728090115635645,0.46641132862899204,14.013707783351396
19695.390781563125,-59.7411225077581,0.47046694834391567,13.996910894433457
19749.498997995994,-59.754180491042305,0.4744579185168762,13.980167278376179
19803.60721442886,-59.76723339190928,0.47856364647865807,13.963214190464017
19857.715430861725,-59.78030463017989,0.48260257065330714,13.946317769616089
19911.82364729459,-59.79345425913491,0.4867815649513533,13.929101695609397
19965.931863727455,-59.80653632298893,0.49086718105366456,13.9120414311463
20020.04008016032,-59.81974322583942,0.4951069998548525,13.894597669413173
20074.148296593186,-59.8328590558058,0.49924308343362994,13.877334427648398
20128.256513026052,-59.84609346131753,0.5035309643671414,13.859688517282077
20182.364729458917,-59.85926075470597,0.5077189727855586,13.842187787012143
20236.472945891783,-59.87244191847152,0.5120225395161548,13.824436360009747
20290.581162324648,-59.88563925742818,0.5162481812963939,13.806723600139197
20344.689378757514,-59.898892230397614,0.5205989127308837,13.78869719810046
20398.79759519038,-59.912114861660044,0.5248520588089757,13.770763790428884
20452.905811623248,-59.92546307156422,0.5292499861278492,13.752416215471692
20507.014028056114,-59.93874409251131,0.5335336205426684,13.734204724481609
20561.12224448898,-59.95217544299707,0.537967327902685,13.715533770483328
20615.230460921844,-59.96550953446514,0.5422718379932585,13.697040684777589
20669.33867735471,-59.97897736947176,0.5467185613041271,13.678100054080836
20723.446893787575,-59.992348665903336,0.5510327054073234,13.659341063721456
20777.55511022044,-60.00590007774489,0.5555028177667979,13.640061407395077
20831.663326653306,-60.01934944528227,0.559838004246738,13.620972699429325
20885.77154308617,-60.03287041415795,0.5642936574919059,13.601505650646663
20939.879759519037,-60.04645717846692,0.5686670131170398,13.581999233786533
20993.987975951903,-60.06000244085442,0.5731268598083361,13.562260183091258
21048.096192384768,-60.073503221980424,0.5774710505771187,13.542648512669944
21102.204408817634,-60.08708609319025,0.5819417462934725,13.522631810387539
21156.312625250503,-60.10062007662449,0.5862964021480312,13.502747327143487
21210.420841683368,-60.114247977981655,0.5907849609658719,13.48243562205489
21264.529058116234,-60.12788167080275,0.5951787329135693,13.462174956304176
21318.6372745491,-60.141503420307636,0.5996761732903184,13.441632002101342
21372.745490981964,-60.15508983591051,0.6040688147927156,13.421211550848412
21426.85370741483,-60.168742107692864,0.6085907251486786,13.400395353818531
21480.961923847695,-60.18237255122215,0.6130154349201008,13.379681790255983
21535.07014028056,-60.19614041935552,0.6175955025765382,13.358457420627682
21589.178356713426,-60.2097794693188,0.6220465576084224,13.337496987951354
21643.28657314629,-60.22349269500598,0.626636264243341,13.316123729610164
21697.394789579157,-60.23716158497594,0.6311228443536299,13.294899166769495
21751.503006012023,-60.25087977311953,0.6357416390745001,13.27330169754242
21805.611222444888,-60.26458935998049,0.6402717580848285,13.251802755266317
21859.719438877757,-60.278419321903115,0.6449573351070265,13.229819804882919
21913.827655310623,-60.292155505594046,0.6495270759817381,13.208071414227812
21967.935871743488,-60.30593465399467,0.6542268452322679,13.18596679225321
22022.044088176353,-60.31972968137917,0.6588456575744268,13.163941267624883
22076.15230460922,-60.33357373271723,0.6635950112908048,13.1415510049058
22130.260521042084,-60.347351238624206,0.668235050793775,13.119377490800645
22184.36873747495,-60.36121683433329,0.6730179931388369,13.096791791681845
22238.476953907815,-60.37503584566298,0.6776960609002993,13.074400791003495
22292.58517034068,-60.38892967002916,0.6825100149486397,13.051623229827854
22346.693386773546,-60.402803379739545,0.6872267312559173,13.029007657866282
22400.80160320641,-60.416797880096404,0.6920931853602168,13.0059351427403
22454.909819639277,-60.430761658863254,0.696858031397122,12.983044099552275
22509.018036072142,-60.44482540596158,0.7017649116796278,12.959729713347427
22563.12625250501,-60.45879117719964,0.7065449327757504,12.936719053974365
22617.234468937877,-60.472860059262224,0.7114664318824304,12.913286311365757
22671.342685370742,-60.48688947103062,0.7162772446243545,12.890068567878243
22725.450901803608,-60.501006018730024,0.7212225578431894,12.8664574010892
22779.559118236473,-60.515072169551416,0.7260538489225457,12.843082947716072
22833.66733466934,-60.52924454103927,0.7310234750976363,12.81928829135036
22887.775551102204,-60.543352252468914,0.7358727039052997,12.79575724413824
22941.88376753507,-60.557619249568134,0.7408766940960897,12.771718101623955
22995.991983967935,-60.57180378122588,0.7457535275711317,12.747971463444845
23050.1002004008,-60.58608090079563,0.750761944093947,12.723823577921781
23104.208416833666,-60.60030093898779,0.7556502757131839,12.699937084249987
23158.31663326653,-60.6146357110376,0.7606768388419692,12.675611418334178
23212.4248496994,-60.62890934733019,0.7655820019982933,12.651552731387833
23266.533066132266,-60.64329121373728,0.7706218688755354,12.627063763546179
23320.64128256513,-60.65760405188299,0.7755370003054619,12.602858855592022
23374.749498997997,-60.672037528539505,0.7805901958687846,12.578200300584202
23428.857715430862,-60.68639575247419,0.7855156034983135,12.553838779825794
23482.965931863728,-60.70086127268112,0.7905738674395482,12.529042519992984
23537.074148296593,-60.715264970669125,0.7955084705009008,12.504525327359332
23591.18236472946,-60.729775136491305,0.800574953068261,12.47957021061657
23645.290581162324,-60.74420282748852,0.8055103377030477,12.454934034185955
23699.39879759519,-60.75874658645016,0.8105799720795586,12.429841191712153
23753.507014028055,-60.77320383397228,0.815515672023235,12.405079303367318
23807.61523046092,-60.78779234046858,0.8205911492254159,12.379830980978161
23861.723446893786,-60.80228743808089,0.8255286705597825,12.35493146808103
23915.831663326655,-60.81688874435678,0.830597329619255,12.329579877874735
23969.93987975952,-60.83138490555708,0.8355220871456287,12.30460968685857
24024.048096192386,-60.845952941915385,0.8405662010355684,12.279246607516862
24078.15631262525,-60.860473594734444,0.8454829618435298,12.254180538807686
24132.264529058117,-60.87505543442561,0.8505150938919274,12.228733315816125
24186.372745490982,-60.88961340692313,0.8554254370782519,12.203557429751548
24240.480961923848,-60.9042070003204,0.8604428411149682,12.17803051923249
24294.589178356713,-60.918748961658956,0.8653255904264248,12.152846632943378
24348.69739478958,-60.9333100940492,0.8703111204245331,12.127330105674824
24402.805611222444,-60.94782874189839,0.87515945998587,12.102171314141117
24456.91382765531,-60.96233715029482,0.8801015473480783,12.07671943672403
24511.022044088175,-60.9768201740133,0.8849059216074433,12.051632254039117
24565.13026052104,-60.9912506381008,0.8897912074149308,12.02631105507292
24619.23847695391,-61.00568560592631,0.8945415146455886,12.001347714155955
24673.346693386775,-61.02002232147621,0.8993598723223917,11.976211347207787
24727.45490981964,-61.034396790263706,0.9040457818506081,11.951428193705718
24781.563126252506,-61.04861070832904,0.9087823153898521,11.926557398283215
24835.67134268537,-61.062932667443754,0.9134004125532064,11.901975519366687
24889.779559118237,-61.07705305302728,0.9180592064133622,11.877351699660583
24943.887775551102,-61.09134925808139,0.9226136785150152,11.852953847177883
24997.995991983968,-61.105383223075286,0.9271924303966484,11.828589178448109
25052.104208416833,-61.119682911013165,0.9316897420534916,11.804345251734565
25106.2124248497,-61.133656169545624,0.9361934038570383,11.780216903901305
25160.320641282564,-61.14799011103674,0.9406415421953283,11.75608041443725
25214.42885771543,-61.16195377368375,0.9450834848158904,11.732116124723435
25268.537074148295,-61.17635179957186,0.9494908808594645,11.708032653663665
25322.645290581164,-61.19030510825502,0.9538688205823466,11.68424064308727
25376.75350701403,-61.20476266689353,0.9582325764019778,11.660210115847661
25430.861723446895,-61.2187535508636,0.9625573099215297,11.636513221104275
25484.96993987976,-61.233365802104124,0.9669031885141098,11.612368894425725
25539.078156312626,-61.24733876823029,0.9711577060048208,11.588847827054353
25593.18637274549,-61.261918680199294,0.9754286137790733,11.564885080997671
25647.294589178357,-61.27594696689339,0.9796277449810482,11.541433465735375
25701.402805611222,-61.29057878239016,0.9838448392503398,11.517516730042399
25755.511022044087,-61.304630456142604,0.9879779980483087,11.494181269518078
25809.619238476953,-61.31929234386008,0.9921321456498541,11.470343965163
25863.72745490982,-61.33334288801338,0.9961906173425775,11.447166236401955
25917.835671342684,-61.34798802242917,1.0002680396691856,11.423489785309997
25971.943887775553,-61.362026032396294,1.0042486637357453,11.400494693357832
26026.05210420842,-61.37663956892495,1.0082462055213763,11.377015320533372
26080.160320641284,-61.390625524476576,1.0121392066720862,11.35427637566495
26134.26853707415,-61.40516712247835,1.0160474075041472,11.331076491351066
26188.376753507015,-61.41907940850932,1.0198491749465273,11.308645603063331
26242.48496993988,-61.43355966093647,1.0236723002780326,11.285732027196092
26296.593186372746,-61.44736929038417,1.0273768370497547,11.26367221322541
26350.70140280561,-61.4616762556992,1.0310839298271444,11.241247572097937
26404.809619238476,-61.47538892798597,1.0346889732794415,11.219581134525823
26458.917835671342,-61.489574399576725,1.038287071073764,11.197601760205044
26513.026052104207,-61.5032287480897,1.0417938589270201,11.176300933782047
26567.134268537073,-61.517316496659106,1.0452736986251432,11.154773490865425
26621.24248496994,-61.53098770100305,1.0486822868851862,11.133773132357469
26675.350701402807,-61.545072306299396,1.0520412440821332,11.112622691622656
26729.458917835673,-61.55890207516243,1.0553549358765277,11.091801483707096
26783.56713426854,-61.57318249521148,1.0586042437080585,11.070862581141656
26837.675350701404,-61.58745219180272,1.0618508167384544,11.05000316977354
26891.78356713427,-61.60234487763674,1.06505775741581,11.028965102524072
26945.891783567135,-61.617570274909895,1.0683506977031796,11.007788707267661
27000.0,-61.6337800134755,1.0717214540575013,10.986355810946911
